{
  "meta": {
    "aurora_version": "2.1.0",
    "system_status": "stable",
    "last_full_sync": "2025-11-02T00:00:00Z",
    "description": "Unified AuroraSync core linking Monzo, ISA, Trade212, Tesco, Watchlist and Dividend Planner."
  },

  "monzo": {
    "account_name": "Monzo Main",
    "main_balance": 343.42,
    "flex_balance": -799.87,
    "weekly_allowance": 187.50,
    "daily_allowance": 26.79,
    "next_payday": "2025-11-07",
    "cycle_length": 28,
    "cycle_metadata": {
      "cycle_number": 11,
      "year": 2025,
      "weeks_in_cycle": 4,
      "current_week": 4,
      "days_remaining": 5
    },
    "pots": {
      "Flex Repayment (Current)": { "current": 419.00, "target": 419.00 },
      "Flex Repayment (Remaining)": { "current": 0.00, "target": 380.87 },
      "Direct Debits": { "current_total": 408.62, "target": 557.86 },
      "Holiday Pot": { "current": 74.45, "target": 297.79 },
      "Coventry City F.C": { "current": 71.43, "target": 500.00 },
      "IG Trading": { "current": 122.00, "target": 150.00 },
      "Car Maintenance": { "current": 201.49, "target": 500.00 },
      "Work Buffer": { "current": 55.83, "target": 150.00 },
      "Holding Pot": {
        "current": 348.76,
        "target": 300.00,
        "notes": "Includes £144.83 underspend from Week 3 rollover."
      },
      "Savings": { "current": 500.00, "target": 1000.00 },
      "Investments": { "current": 0.04, "target": 100.00 }
    },
    "weekly_spending": {
      "week_start": "2025-10-31",
      "week_end": "2025-11-06",
      "spent": 0.00,
      "weekly_allowance": 187.50,
      "remaining": 187.50,
      "previous_week": { "spent": 42.67, "underspend": 144.83, "moved_to": "Holding Pot" }
    },
    "work_spending": {
      "week_start": "2025-10-27",
      "week_end": "2025-10-31",
      "spent": 0.00,
      "buffer_pot": "Work Buffer",
      "transfer_day": "Friday"
    },
    "goal_tracker": [
      { "pot": "Holiday Pot", "goal_name": "Cyprus 2026", "target_date": "2026-02-07", "target_amount": 297.79, "current": 74.45 },
      { "pot": "Coventry City F.C", "goal_name": "Season Fund", "target_date": "2026-05-30", "target_amount": 500.00, "current": 71.43 }
    ],
    "last_sync": "2025-11-02T00:00:00Z"
  },

  "isa": {
    "ig_isa": {
      "account_name": "IG ISA",
      "balance": 57380.50,
      "book_cost": 55126.16,
      "unrealised_gain": 2254.34,
      "cash_balance": 503.10,
      "last_dividend": { "ticker": "PHNX.GB", "amount": 401.22, "date": "2025-10-30" },
      "holdings": [
        { "ticker": "ASHM.GB", "shares": 620, "value": 1850.00, "book_cost": 1700.00 },
        { "ticker": "BP.GB", "shares": 707, "value": 3620.00, "book_cost": 3350.00 },
        { "ticker": "LAND.GB", "shares": 317, "value": 2890.00, "book_cost": 2950.00 },
        { "ticker": "SVT.GB", "shares": 78, "value": 1825.00, "book_cost": 1800.00 },
        { "ticker": "NG.GB", "shares": 192, "value": 2650.00, "book_cost": 2700.00 },
        { "ticker": "PHP.GB", "shares": 299, "value": 283.45, "book_cost": 300.00 },
        { "ticker": "SUPR.GB", "shares": 150, "value": 182.00, "book_cost": 175.00 },
        { "ticker": "LLOY.GB", "shares": 606, "value": 270.00, "book_cost": 255.00 },
        { "ticker": "LGEN.GB", "shares": 3445, "value": 9150.00, "book_cost": 8800.00 },
        { "ticker": "MNG.GB", "shares": 3916, "value": 8900.00, "book_cost": 8800.00 },
        { "ticker": "PHNX.GB", "shares": 1467, "value": 4010.00, "book_cost": 3600.00 },
        { "ticker": "VOD.GB", "shares": 7658, "value": 6400.00, "book_cost": 6100.00 },
        { "ticker": "BBOX.GB", "shares": 350, "value": 685.00, "book_cost": 700.00 },
        { "ticker": "IUKD.GB", "shares": 343, "value": 3300.00, "book_cost": 3250.00 }
      ]
    },
    "trade212": {
      "account_name": "Trade212 ISA",
      "balance": 1971.72,
      "cash_balance": 29.61,
      "investments_value": 1942.11,
      "annual_interest_rate": 4.05,
      "interest_basis": "cash_balance",
      "interest_compounding": "daily",
      "holdings": [
        { "ticker": "GCP.L", "shares": 1000, "value": 722.00 },
        { "ticker": "FSFL.L", "shares": 924, "value": 706.86 },
        { "ticker": "PHP.L", "shares": 299, "value": 282.85 },
        { "ticker": "SEQI.L", "shares": 300, "value": 230.40 }
      ]
    },
    "tesco_shares": {
      "account_name": "Tesco Employee Share Plan",
      "total_value": 72782.02,
      "book_cost": 35952.28,
      "unrealised_gain": 36829.74,
      "total_shares": 15982,
      "monthly_contribution": 500.00,
      "total_contributed": 11000.00,
      "schemes": {
        "SAYE": {
          "shares": 14363,
          "book_cost": 31598.60,
          "indicative_value": 65409.10,
          "potential_gain": 33810.50
        },
        "SIP": {
          "shares": 1619,
          "book_cost": 4353.68,
          "indicative_value": 7372.92,
          "potential_gain": 3019.24
        }
      },
      "dividend_reinvestment": "Shares"
    },
    "watchlist": {
      "entries": [
        { "ticker": "BATS.GB", "name": "British American Tobacco plc", "dividend_yield": 6.1 },
        { "ticker": "ULVR.GB", "name": "Unilever plc", "dividend_yield": 3.5 }
      ]
    }
  },

  "dividend_planner": {
    "annual_total": 5104.78,
    "monthly_breakdown": [
      { "month": "October 2025", "total_estimated_income": 1677.43 },
      { "month": "November 2025", "total_estimated_income": 167.35 },
      { "month": "December 2025", "total_estimated_income": 153.83 },
      { "month": "January 2026", "total_estimated_income": 100.02 },
      { "month": "February 2026", "total_estimated_income": 292.06 },
      { "month": "March 2026", "total_estimated_income": 116.24 },
      { "month": "April 2026", "total_estimated_income": 30.96 },
      { "month": "May 2026", "total_estimated_income": 1108.44 },
      { "month": "June 2026", "total_estimated_income": 678.21 },
      { "month": "August 2026", "total_estimated_income": 284.69 },
      { "month": "September 2026", "total_estimated_income": 343.54 }
    ]
  }
}